<!--
  Id:           $Id: duplicate_generator.xml,v 1.2 2002/10/18 13:23:31 f8dy Exp $
  Author:       Sam Ruby (http://intertwingly.net/) and Mark Pilgrim (http://diveintomark.org/)
  Version:      $Revision: 1.2 $
  Date:         $Date: 2002/10/18 13:23:31 $
  Copyright:    Copyright (c) 2002 Sam Ruby and Mark Pilgrim
  License:      Python
-->

<!--
  Description:  channel must not include both generator and admin:generatorAgent
  Expect:       DuplicateSemantics
-->

<rss version="2.0" xmlns:admin="http://webns.net/mvcb/" xmlns:rdf="http://www.w3.org/1999/02/22-rdf-syntax-ns#">
<channel>
<title>Duplicate semantics</title>
<link>http://purl.org/rss/2.0/</link>
<description>channel must not include both generator and admin:generatorAgent</description>
<generator>Movable Type 2.21</generator>
<admin:generatorAgent rdf:resource="http://www.movabletype.org/?v=2.21" />
</channel>
</rss>

<!--
$Log: duplicate_generator.xml,v $
Revision 1.2  2002/10/18 13:23:31  f8dy
added licensing information

-->
