<!--
  Id:           $Id: duplicate_dcpublisher.xml,v 1.2 2002/10/18 13:23:31 f8dy Exp $
  Author:       Sam Ruby (http://intertwingly.net/) and Mark Pilgrim (http://diveintomark.org/)
  Version:      $Revision: 1.2 $
  Date:         $Date: 2002/10/18 13:23:31 $
  Copyright:    Copyright (c) 2002 Sam Ruby and Mark Pilgrim
  License:      Python
-->

<!--
  Description:  channel must not include both dc:publisher and webMaster
  Expect:       DuplicateSemantics
-->

<rss version="2.0" xmlns:dc="http://purl.org/dc/elements/1.1/">
<channel>
<title>Duplicate semantics</title>
<link>http://purl.org/rss/2.0/</link>
<description>channel must not include both dc:publisher and webMaster</description>
<dc:publisher>me@example.com (Mark Pilgrim)</dc:publisher>
<webMaster>me@example.com (Mark Pilgrim)</webMaster>
</channel>
</rss>

<!--
$Log: duplicate_dcpublisher.xml,v $
Revision 1.2  2002/10/18 13:23:31  f8dy
added licensing information

-->
