<!--
  Id:           $Id: invalid_item_comments.xml,v 1.4 2002/10/18 13:23:30 f8dy Exp $
  Author:       Sam Ruby (http://intertwingly.net/) and Mark Pilgrim (http://diveintomark.org/)
  Version:      $Revision: 1.4 $
  Date:         $Date: 2002/10/18 13:23:30 $
  Copyright:    Copyright (c) 2002 Sam Ruby and Mark Pilgrim
  License:      Python
-->

<!--
  Description:  item comments must be http URL
  Expect:       InvalidLink{element:comments}
-->

<rss version="2.0">
<channel>
<title>Invalid comments</title>
<link>http://purl.org/rss/2.0/</link>
<description>comments must be full http URL</description>
<item>
<title>Invalid comments</title>
<link>http://purl/org/rss/2.0/?item</link>
<description>Foo</description>
<comments>example.com</comments>
</item>
</channel>
</rss>

<!--
$Log: invalid_item_comments.xml,v $
Revision 1.4  2002/10/18 13:23:30  f8dy
added licensing information

-->
