<!--
  Id:           $Id: invalid_item_source.xml,v 1.3 2002/10/18 13:23:30 f8dy Exp $
  Author:       Sam Ruby (http://intertwingly.net/) and Mark Pilgrim (http://diveintomark.org/)
  Version:      $Revision: 1.3 $
  Date:         $Date: 2002/10/18 13:23:30 $
  Copyright:    Copyright (c) 2002 Sam Ruby and Mark Pilgrim
  License:      Python
-->

<!--
  Description:  item source must include url attribute
  Expect:       MissingAttribute{element:source,attr:url}
-->

<rss version="2.0">
<channel>
<title>Invalid item source</title>
<link>http://purl.org/rss/2.0/</link>
<description>item source must include url attribute</description>
<item>
<title>Invalid item source</title>
<link>http://purl/org/rss/2.0/?item</link>
<description>Foo</description>
<source>http://purl.org/rss/2.0/?source</source>
</item>
</channel>
</rss>

<!--
$Log: invalid_item_source.xml,v $
Revision 1.3  2002/10/18 13:23:30  f8dy
added licensing information

-->
