<!--
  Id:           $Id: invalid_link2.xml,v 1.4 2002/10/18 13:23:30 f8dy Exp $
  Author:       Sam Ruby (http://intertwingly.net/) and Mark Pilgrim (http://diveintomark.org/)
  Version:      $Revision: 1.4 $
  Date:         $Date: 2002/10/18 13:23:30 $
  Copyright:    Copyright (c) 2002 Sam Ruby and Mark Pilgrim
  License:      Python
-->

<!--
  Description:  channel link must be http or ftp
  Expect:       InvalidLink
-->

<rss version="2.0">
<channel>
<title>Invalid link</title>
<link>mailto:me@example.com</link>
<description>channel link must be http or ftp</description>
</channel>
</rss>

<!--
$Log: invalid_link2.xml,v $
Revision 1.4  2002/10/18 13:23:30  f8dy
added licensing information

-->
