<!--
  Id:           $Id: multiple_item_comments.xml,v 1.1 2002/10/18 15:41:33 f8dy Exp $
  Author:       Sam Ruby (http://intertwingly.net/) and Mark Pilgrim (http://diveintomark.org/)
  Version:      $Revision: 1.1 $
  Date:         $Date: 2002/10/18 15:41:33 $
  Copyright:    Copyright (c) 2002 Sam Ruby and Mark Pilgrim
  License:      Python
-->

<!--
  Description:  can only have one item comments
  Expect:       DuplicateElement{parent:item,element:comments}
-->

<rss version="2.0">
<channel>
<title>RSS</title>
<link>http://example.com/</link>
<description>various duplicate item elements that can't be duplicated</description>
<item>
<comments>http://purl.org/rss/2.0/comments.cgi</comments>
<comments>http://purl.org/rss/2.0/comments2.cgi</comments>
</item>
</channel>
</rss>

<!--
$Log: multiple_item_comments.xml,v $
Revision 1.1  2002/10/18 15:41:33  f8dy
added (and passed) testcases for unallowed duplicates of the same element

-->
