<!--
  Id:           $Id: multiple_item_source.xml,v 1.1 2002/10/18 15:41:34 f8dy Exp $
  Author:       Sam Ruby (http://intertwingly.net/) and Mark Pilgrim (http://diveintomark.org/)
  Version:      $Revision: 1.1 $
  Date:         $Date: 2002/10/18 15:41:34 $
  Copyright:    Copyright (c) 2002 Sam Ruby and Mark Pilgrim
  License:      Python
-->

<!--
  Description:  can only have one item source
  Expect:       DuplicateElement{parent:item,element:source}
-->

<rss version="2.0">
<channel>
<title>RSS</title>
<link>http://example.com/</link>
<description>various duplicate item elements that can't be duplicated</description>
<item>
<source url="http://example.com/1.rss">1</source>
<source url="http://example.com/2.rss">2</source>
</item>
</channel>
</rss>

<!--
$Log: multiple_item_source.xml,v $
Revision 1.1  2002/10/18 15:41:34  f8dy
added (and passed) testcases for unallowed duplicates of the same element

-->
