<!--
  Id:           $Id: unknown_namespace.xml,v 1.2 2002/10/18 13:23:31 f8dy Exp $
  Author:       Sam Ruby (http://intertwingly.net/) and Mark Pilgrim (http://diveintomark.org/)
  Version:      $Revision: 1.2 $
  Date:         $Date: 2002/10/18 13:23:31 $
  Copyright:    Copyright (c) 2002 Sam Ruby and Mark Pilgrim
  License:      Python
-->

<!--
  Description:  elements in unknown namespaces are assumed valid
  Expect:       !UndefinedElement
-->

<rss version="2.0" xmlns:map="http://example.com/rss/marks_made_up_namespace/">
<channel>
<title>Unknown namespace</title>
<link>http://purl.org/rss/2.0/</link>
<description>elements in unknown namespaces are assumed valid</description>
<map:foo>bar</map:foo>
</channel>
</rss>

<!--
$Log: unknown_namespace.xml,v $
Revision 1.2  2002/10/18 13:23:31  f8dy
added licensing information

-->
