<!--
  Id:           $Id: invalid_skipDays_too_many_days.xml,v 1.2 2002/10/18 13:23:30 f8dy Exp $
  Author:       Sam Ruby (http://intertwingly.net/) and Mark Pilgrim (http://diveintomark.org/)
  Version:      $Revision: 1.2 $
  Date:         $Date: 2002/10/18 13:23:30 $
  Copyright:    Copyright (c) 2002 Sam Ruby and Mark Pilgrim
  License:      Python
-->

<!--
  Description:  skipDays must contain no more than 7 days
  Expect:       EightDaysAWeek
-->

<rss version="2.0">
<channel>
<skipDays>
<day>Monday</day>
<day>Tuesday</day>
<day>Wednesday</day>
<day>Thursday</day>
<day>Friday</day>
<day>Saturday</day>
<day>Sunday</day>
<day>Fantabuday</day>
</skipDays>
</channel>
</rss>

<!--
$Log: invalid_skipDays_too_many_days.xml,v $
Revision 1.2  2002/10/18 13:23:30  f8dy
added licensing information

-->
