<!--
  Id:           $Id: invalid_managingEditor.xml,v 1.3 2002/10/18 13:23:30 f8dy Exp $
  Author:       Sam Ruby (http://intertwingly.net/) and Mark Pilgrim (http://diveintomark.org/)
  Version:      $Revision: 1.3 $
  Date:         $Date: 2002/10/18 13:23:30 $
  Copyright:    Copyright (c) 2002 Sam Ruby and Mark Pilgrim
  License:      Python
-->

<!--
  Description:  managingEditor must include email address
  Expect:       InvalidContact
-->

<rss version="2.0">
<channel>
<title>Invalid webMaster</title>
<link>http://purl.org/rss/2.0/</link>
<description>managingEditor must include email address</description>
<managingEditor>Mark Pilgrim</managingEditor>
</channel>
</rss>

<!--
$Log: invalid_managingEditor.xml,v $
Revision 1.3  2002/10/18 13:23:30  f8dy
added licensing information

-->
