<!--
  Id:           $Id: missing_channel_description.xml,v 1.3 2002/10/18 13:23:30 f8dy Exp $
  Author:       Sam Ruby (http://intertwingly.net/) and Mark Pilgrim (http://diveintomark.org/)
  Version:      $Revision: 1.3 $
  Date:         $Date: 2002/10/18 13:23:30 $
  Copyright:    Copyright (c) 2002 Sam Ruby and Mark Pilgrim
  License:      Python
-->

<!--
  Description:  channel must include description
  Expect:       MissingDescription
-->

<rss version="2.0">
<channel>
<title>Missing channel description</title>
<link>http://purl.org/rss/2.0/</link>
</channel>
<description>channel must include description</description>
</rss>

<!--
$Log: missing_channel_description.xml,v $
Revision 1.3  2002/10/18 13:23:30  f8dy
added licensing information

-->
