<!--
  Id:           $Id: cloud_port.xml,v 1.1 2003/07/06 21:20:02 rubys Exp $
  Author:       Sam Ruby (http://intertwingly.net/) and Mark Pilgrim (http://diveintomark.org/)
  Version:      $Revision: 1.1 $
  Date:         $Date: 2003/07/06 21:20:02 $
  Copyright:    Copyright (c) 2002 Sam Ruby and Mark Pilgrim
  License:      Python
-->

<!--
  Description:  cloud must include port attribute
  Expect:       !MissingAttribute{element:cloud,attr:port}
-->

<rss version="2.0">
<channel>
<title>Invalid cloud</title>
<link>http://purl.org/rss/2.0/</link>
<description>foo</description>
<cloud domain="radio.xmlstoragesystem.com" port="80" path="/RPC2" registerProcedure="pingMe" protocol="soap"/>
</channel>
</rss>

<!--
$Log: cloud_port.xml,v $
Revision 1.1  2003/07/06 21:20:02  rubys
Refactor so test cases are organized by protocol

Revision 1.2  2002/10/18 13:23:30  f8dy
added licensing information

-->
