<!--
  Id:           $Id: dcdate_year_and_month.xml,v 1.1 2003/07/06 21:20:02 rubys Exp $
  Author:       Sam Ruby (http://intertwingly.net/) and Mark Pilgrim (http://diveintomark.org/)
  Version:      $Revision: 1.1 $
  Date:         $Date: 2003/07/06 21:20:02 $
  Copyright:    Copyright (c) 2002 Sam Ruby and Mark Pilgrim
  License:      Python
-->

<!--
  Description:  valid dc:date (year and month)
  Expect:       !InvalidW3DTFDate
-->

<rss version="2.0" xmlns:dc="http://purl.org/dc/elements/1.1/">
<channel>
<title>Validity test</title>
<link>http://purl.org/rss/2.0/</link>
<description>valid dc:date (year and month)</description>
<dc:date>2002-12</dc:date>
</channel>
</rss>

<!--
$Log: dcdate_year_and_month.xml,v $
Revision 1.1  2003/07/06 21:20:02  rubys
Refactor so test cases are organized by protocol

Revision 1.2  2002/10/18 13:23:30  f8dy
added licensing information

-->
