<!--
  Id:           $Id: invalid_pubdate.xml,v 1.1 2003/07/06 21:20:03 rubys Exp $
  Author:       Sam Ruby (http://intertwingly.net/) and Mark Pilgrim (http://diveintomark.org/)
  Version:      $Revision: 1.1 $
  Date:         $Date: 2003/07/06 21:20:03 $
  Copyright:    Copyright (c) 2002 Sam Ruby and Mark Pilgrim
  License:      Python
-->

<!--
  Description:  pubDate must be RFC 2822 date format
  Expect:       InvalidRFC2822Date
-->

<rss version="2.0">
<channel>
<title>Invalid date format</title>
<link>http://purl.org/rss/2.0/</link>
<description>pubDate must be RFC 2822 date format</description>
<pubDate>2002-12-31T01:15:07-05:00</pubDate>
</channel>
</rss>

<!--
$Log: invalid_pubdate.xml,v $
Revision 1.1  2003/07/06 21:20:03  rubys
Refactor so test cases are organized by protocol

Revision 1.3  2002/10/18 13:23:30  f8dy
added licensing information

-->
