<!--
  Id:           $Id: invalid_item_title2.xml,v 1.1 2003/07/06 21:20:03 rubys Exp $
  Author:       Sam Ruby (http://intertwingly.net/) and Mark Pilgrim (http://diveintomark.org/)
  Version:      $Revision: 1.1 $
  Date:         $Date: 2003/07/06 21:20:03 $
  Copyright:    Copyright (c) 2002 Sam Ruby and Mark Pilgrim
  License:      Python
-->

<!--
  Description:  item title must not include HTML (even in CDATA)
  Expect:       ContainsHTML
-->

<rss version="2.0">
<channel>
<title>Invalid item title</title>
<link>http://purl.org/rss/2.0/</link>
<description>item title must not include HTML (even in CDATA)</description>
<item>
<title><![CDATA[<b>;Invalid title</b>]]></title>
<link>http://purl/org/rss/2.0/?item</link>
<description>Foo</description>
</item>
</channel>
</rss>

<!--
$Log: invalid_item_title2.xml,v $
Revision 1.1  2003/07/06 21:20:03  rubys
Refactor so test cases are organized by protocol

Revision 1.3  2002/10/18 13:23:30  f8dy
added licensing information

-->

