<!--
  Id:           $Id: invalid_pubdate_differential.xml,v 1.1 2003/07/06 21:20:03 rubys Exp $
  Author:       Sam Ruby (http://intertwingly.net/) and Mark Pilgrim (http://diveintomark.org/)
  Version:      $Revision: 1.1 $
  Date:         $Date: 2003/07/06 21:20:03 $
  Copyright:    Copyright (c) 2002 Sam Ruby and Mark Pilgrim
  License:      Python
-->

<!--
  Description:  RFC 822 date can not contain colon in time zone differential
  Expect:       InvalidRFC2822Date
-->

<rss version="2.0">
<channel>
<title>Validity test</title>
<link>http://purl.org/rss/2.0/</link>
<description>invalid pubDate (with differential)</description>
<pubDate>Mon, 21 Oct 2002 14:04:23 -05:00</pubDate>
</channel>
</rss>

<!--
$Log: invalid_pubdate_differential.xml,v $
Revision 1.1  2003/07/06 21:20:03  rubys
Refactor so test cases are organized by protocol

Revision 1.1  2002/10/22 18:41:57  f8dy
added additional pubdate testcases (they already pass, but I got non-bug
reports about them)

-->
