<!--
  Id:           $Id: invalid_dclanguage_blank.xml,v 1.1 2003/07/06 21:20:02 rubys Exp $
  Author:       Sam Ruby (http://intertwingly.net/) and Mark Pilgrim (http://diveintomark.org/)
  Version:      $Revision: 1.1 $
  Date:         $Date: 2003/07/06 21:20:02 $
  Copyright:    Copyright (c) 2002 Sam Ruby and Mark Pilgrim
  License:      Python
-->

<!--
  Description:  dc:language must not be blank
  Expect:       InvalidLanguage
-->

<rss version="2.0" xmlns:dc="http://purl.org/dc/elements/1.1/">
<channel>
<title>Validity test</title>
<link>http://purl.org/rss/2.0/</link>
<description>invalid language</description>
<dc:language></dc:language>
</channel>
</rss>

<!--
$Log: invalid_dclanguage_blank.xml,v $
Revision 1.1  2003/07/06 21:20:02  rubys
Refactor so test cases are organized by protocol

Revision 1.1  2002/10/18 14:18:33  f8dy
added tests for ISO-639 language codes

-->
