<!--
  Id:           $Id: invalid_item_source_url.xml,v 1.1 2003/07/06 21:20:03 rubys Exp $
  Author:       Sam Ruby (http://intertwingly.net/) and Mark Pilgrim (http://diveintomark.org/)
  Version:      $Revision: 1.1 $
  Date:         $Date: 2003/07/06 21:20:03 $
  Copyright:    Copyright (c) 2002 Sam Ruby and Mark Pilgrim
  License:      Python
-->

<!--
  Description:  item source url attribute must be a full URL
  Expect:       InvalidURLAttribute{element:source,attr:url}
-->

<rss version="2.0">
<channel>
<title>Invalid item source URL</title>
<link>http://purl.org/rss/2.0/</link>
<description>item source must include url attribute which is a full URL</description>
<item>
<title>Invalid item source URL</title>
<link>http://purl/org/rss/2.0/?item</link>
<description>Foo</description>
<source url="example.com">Mark Pilgrim</source>
</item>
</channel>
</rss>

<!--
$Log: invalid_item_source_url.xml,v $
Revision 1.1  2003/07/06 21:20:03  rubys
Refactor so test cases are organized by protocol

Revision 1.4  2002/10/18 13:23:30  f8dy
added licensing information

-->
