<!--
  Id:           $Id: invalid_item_link.xml,v 1.1 2003/07/06 21:20:03 rubys Exp $
  Author:       Sam Ruby (http://intertwingly.net/) and Mark Pilgrim (http://diveintomark.org/)
  Version:      $Revision: 1.1 $
  Date:         $Date: 2003/07/06 21:20:03 $
  Copyright:    Copyright (c) 2002 Sam Ruby and Mark Pilgrim
  License:      Python
-->

<!--
  Description:  item link must be full URL, including protocol
  Expect:       InvalidLink
-->

<rss version="2.0">
<channel>
<title>Invalid link</title>
<description>item link must be full URL, including protocol</description>
<item>
<link>purl.org/rss/2.0/</link>
</item>
</channel>
</rss>

<!--
$Log: invalid_item_link.xml,v $
Revision 1.1  2003/07/06 21:20:03  rubys
Refactor so test cases are organized by protocol

Revision 1.1  2002/10/18 14:18:15  f8dy
added

-->
