<!--
  Id:           $Id: link_ftp.xml,v 1.1 2003/07/06 21:20:03 rubys Exp $
  Author:       Sam Ruby (http://intertwingly.net/) and Mark Pilgrim (http://diveintomark.org/)
  Version:      $Revision: 1.1 $
  Date:         $Date: 2003/07/06 21:20:03 $
  Copyright:    Copyright (c) 2002 Sam Ruby and Mark Pilgrim
  License:      Python
-->

<!--
  Description:  valid channel link (ftp)
  Expect:       !InvalidLink
-->

<rss version="2.0">
<channel>
<title>Valid link</title>
<link>ftp://purl.org/rss/2.0/</link>
<description>valid channel link (ftp)</description>
</channel>
</rss>

<!--
$Log: link_ftp.xml,v $
Revision 1.1  2003/07/06 21:20:03  rubys
Refactor so test cases are organized by protocol

Revision 1.2  2002/10/18 13:23:30  f8dy
added licensing information

-->
