<!--
  Id:           $Id: multiple_skipDays.xml,v 1.1 2003/07/06 21:20:03 rubys Exp $
  Author:       Sam Ruby (http://intertwingly.net/) and Mark Pilgrim (http://diveintomark.org/)
  Version:      $Revision: 1.1 $
  Date:         $Date: 2003/07/06 21:20:03 $
  Copyright:    Copyright (c) 2002 Sam Ruby and Mark Pilgrim
  License:      Python
-->

<!--
  Description:  can only have one channel skipDays
  Expect:       DuplicateElement{parent:channel,element:skipDays}
-->

<rss version="2.0">
<channel>
<skipDays>
  <day>Monday</day>
</skipDays>
<skipDays>
  <day>Tuesday</day>
</skipDays>
</channel>
</rss>

<!--
$Log: multiple_skipDays.xml,v $
Revision 1.1  2003/07/06 21:20:03  rubys
Refactor so test cases are organized by protocol

Revision 1.1  2002/10/18 15:41:34  f8dy
added (and passed) testcases for unallowed duplicates of the same element

-->
