<!--
  Id:           $Id: multiple_category.xml,v 1.1 2003/07/06 21:20:03 rubys Exp $
  Author:       Sam Ruby (http://intertwingly.net/) and Mark Pilgrim (http://diveintomark.org/)
  Version:      $Revision: 1.1 $
  Date:         $Date: 2003/07/06 21:20:03 $
  Copyright:    Copyright (c) 2002 Sam Ruby and Mark Pilgrim
  License:      Python
-->

<!--
  Description:  multiple categories are allowed
  Expect:       !DuplicateElement
-->

<rss version="2.0">
<channel>
<title>Multiple categories are allowed</title>
<link>http://purl.org/rss/2.0/</link>
<description>valid item author</description>
<item>
<title>Multiple categories are allowed</title>
<link>http://purl/org/rss/2.0/?item</link>
<description>Foo</description>
<category>Weblogging</category>
<category>Navel-gazing</category>
</item>
</channel>
</rss>

<!--
$Log: multiple_category.xml,v $
Revision 1.1  2003/07/06 21:20:03  rubys
Refactor so test cases are organized by protocol

Revision 1.2  2002/10/18 13:23:30  f8dy
added licensing information

-->
