<!--
  Id:           $Id: pubdate_a.xml,v 1.1 2003/07/06 21:20:03 rubys Exp $
  Author:       Sam Ruby (http://intertwingly.net/) and Mark Pilgrim (http://diveintomark.org/)
  Version:      $Revision: 1.1 $
  Date:         $Date: 2003/07/06 21:20:03 $
  Copyright:    Copyright (c) 2002 Sam Ruby and Mark Pilgrim
  License:      Python
-->

<!--
  Description:  valid pubDate (A)
  Expect:       !InvalidRFC2822Date
-->

<rss version="2.0">
<channel>
<title>Validity test</title>
<link>http://purl.org/rss/2.0/</link>
<description>valid pubDate (A)</description>
<pubDate>31 Dec 2002 14:20:20 A</pubDate>
</channel>
</rss>

<!--
$Log: pubdate_a.xml,v $
Revision 1.1  2003/07/06 21:20:03  rubys
Refactor so test cases are organized by protocol

Revision 1.2  2002/10/18 13:23:30  f8dy
added licensing information

-->
