<!--
  Id:           $Id: skipDays_7_days.xml,v 1.1 2003/07/06 21:20:03 rubys Exp $
  Author:       Sam Ruby (http://intertwingly.net/) and Mark Pilgrim (http://diveintomark.org/)
  Version:      $Revision: 1.1 $
  Date:         $Date: 2003/07/06 21:20:03 $
  Copyright:    Copyright (c) 2002 Sam Ruby and Mark Pilgrim
  License:      Python
-->

<!--
  Description:  skipDays contains 7 valid days
  Expect:       !EightDaysAWeek
-->

<rss version="2.0">
<channel>
<skipDays>
<day>Friday</day>
<day>Monday</day>
<day>Wednesday</day>
<day>Thursday</day>
<day>Sunday</day>
<day>Saturday</day>
<day>Tuesday</day>
</skipDays>
</channel>
</rss>

<!--
$Log: skipDays_7_days.xml,v $
Revision 1.1  2003/07/06 21:20:03  rubys
Refactor so test cases are organized by protocol

Revision 1.2  2002/10/18 13:23:31  f8dy
added licensing information

-->
