<!--
  Id:           $Id: admin_errorReportsTo.xml,v 1.3 2002/10/18 19:39:21 f8dy Exp $
  Author:       Sam Ruby (http://intertwingly.net/) and Mark Pilgrim (http://diveintomark.org/)
  Version:      $Revision: 1.3 $
  Date:         $Date: 2002/10/18 19:39:21 $
  Copyright:    Copyright (c) 2002 Sam Ruby and Mark Pilgrim
  License:      Python
-->

<!--
  Description:  valid admin:errorReportsTo
  Expect:       !InvalidLink{element:admin:errorReportsTo}
-->

<rss version="2.0" xmlns:admin="http://webns.net/mvcb/" xmlns:rdf="http://www.w3.org/1999/02/22-rdf-syntax-ns#">
<channel>
<title>Validity test</title>
<link>http://purl.org/rss/2.0/</link>
<description>valid admin:errorReportsTo</description>
<admin:errorReportsTo rdf:resource="mailto:me@example.com" />
</channel>
</rss>

<!--
$Log: admin_errorReportsTo.xml,v $
Revision 1.3  2002/10/18 19:39:21  f8dy
added additional test cases for mod_admin

Revision 1.2  2002/10/18 13:23:30  f8dy
added licensing information

-->
