<!--
  Id:           $Id: dcdate.xml,v 1.2 2002/10/18 13:23:30 f8dy Exp $
  Author:       Sam Ruby (http://intertwingly.net/) and Mark Pilgrim (http://diveintomark.org/)
  Version:      $Revision: 1.2 $
  Date:         $Date: 2002/10/18 13:23:30 $
  Copyright:    Copyright (c) 2002 Sam Ruby and Mark Pilgrim
  License:      Python
-->

<!--
  Description:  valid dc:date
  Expect:       !InvalidW3DTFDate
-->

<rss version="2.0" xmlns:dc="http://purl.org/dc/elements/1.1/">
<channel>
<title>Validity test</title>
<link>http://purl.org/rss/2.0/</link>
<description>valid dcterms:modified</description>
<dc:date>2002-12-31T01:15:07-05:00</dc:date>
</channel>
</rss>

<!--
$Log: dcdate.xml,v $
Revision 1.2  2002/10/18 13:23:30  f8dy
added licensing information

-->
