<!--
  Id:           $Id: docs.xml,v 1.2 2002/10/18 13:23:30 f8dy Exp $
  Author:       Sam Ruby (http://intertwingly.net/) and Mark Pilgrim (http://diveintomark.org/)
  Version:      $Revision: 1.2 $
  Date:         $Date: 2002/10/18 13:23:30 $
  Copyright:    Copyright (c) 2002 Sam Ruby and Mark Pilgrim
  License:      Python
-->

<!--
  Description:  docs contains valid URL
  Expect:       !InvalidLink{element:docs}
-->

<rss version="2.0">
<channel>
<title>Invalid cloud</title>
<link>http://purl.org/rss/2.0/</link>
<description>foo</description>
<docs>http://backend.userland.com/rss</docs>
</channel>
</rss>

<!--
$Log: docs.xml,v $
Revision 1.2  2002/10/18 13:23:30  f8dy
added licensing information

-->
