<!--
  Id:           $Id: foaf_person.xml,v 1.1 2002/10/22 19:20:35 f8dy Exp $
  Author:       Sam Ruby (http://intertwingly.net/) and Mark Pilgrim (http://diveintomark.org/)
  Version:      $Revision: 1.1 $
  Date:         $Date: 2002/10/22 19:20:35 $
  Copyright:    Copyright (c) 2002 Sam Ruby and Mark Pilgrim
  License:      Python
-->

<!--
  Description:  permit foaf:person in dc:creator
  Expect:       !UndefinedElement
-->

<rdf:RDF xmlns:rdf="http://www.w3.org/1999/02/22-rdf-syntax-ns#"
xmlns:dc="http://purl.org/dc/elements/1.1/" 
xmlns:sy="http://purl.org/rss/1.0/modules/syndication/" 
xmlns="http://purl.org/rss/1.0/"
xmlns:admin="http://webns.net/mvcb/"
xmlns:annotate="http://purl.org/rss/1.0/modules/annotate/"
xmlns:dcterms="http://purl.org/dc/terms/"
xmlns:cc="http://web.resource.org/cc/"
xmlns:content="http://purl.org/rss/1.0/modules/content/"
xmlns:foaf="http://xmlns.com/foaf/0.1/"
>
<channel>
<dc:creator>
  <foaf:person foaf:name="Me">
    <foaf:homepage rdf:resource="http://www.example.com" />
    <foaf:email rdf:resource="me@example.com" />
  </foaf:person>
</dc:creator>
</channel>
</rss>

<!--
$Log: foaf_person.xml,v $
Revision 1.1  2002/10/22 19:20:35  f8dy
added testcase for foaf_person within dc:creator

-->
