<!--
  Id:           $Id: invalid_lastBuildDate.xml,v 1.3 2002/10/18 13:23:30 f8dy Exp $
  Author:       Sam Ruby (http://intertwingly.net/) and Mark Pilgrim (http://diveintomark.org/)
  Version:      $Revision: 1.3 $
  Date:         $Date: 2002/10/18 13:23:30 $
  Copyright:    Copyright (c) 2002 Sam Ruby and Mark Pilgrim
  License:      Python
-->

<!--
  Description:  lastBuildDate must be RFC 2822 date format
  Expect:       InvalidRFC2822Date
-->

<rss version="2.0">
<channel>
<title>Invalid date format</title>
<link>http://purl.org/rss/2.0/</link>
<description>lastBuildDate must be RFC 2822 date format</description>
<lastBuildDate>2002-12-31T01:15:07-05:00</lastBuildDate>
</channel>
</rss>

<!--
$Log: invalid_lastBuildDate.xml,v $
Revision 1.3  2002/10/18 13:23:30  f8dy
added licensing information

-->
