<!--
  Id:           $Id: invalid_textInput_no_description.xml,v 1.3 2002/10/18 13:23:30 f8dy Exp $
  Author:       Sam Ruby (http://intertwingly.net/) and Mark Pilgrim (http://diveintomark.org/)
  Version:      $Revision: 1.3 $
  Date:         $Date: 2002/10/18 13:23:30 $
  Copyright:    Copyright (c) 2002 Sam Ruby and Mark Pilgrim
  License:      Python
-->

<!--
  Description:  textInput must contain description
  Expect:       MissingDescription{parent:textInput,element:description}
-->

<rss version="2.0">
<channel>
<title>Invalid cloud</title>
<link>http://purl.org/rss/2.0/</link>
<description>foo</description>
<textInput>
<title>Search Slashdot</title>
<name>query</name>
<link>http://slashdot.org/search.pl</link>
</textInput>
</channel>
</rss>

<!--
$Log: invalid_textInput_no_description.xml,v $
Revision 1.3  2002/10/18 13:23:30  f8dy
added licensing information

-->
