<!--
  Id:           $Id: language_country_code.xml,v 1.1 2002/10/18 14:18:33 f8dy Exp $
  Author:       Sam Ruby (http://intertwingly.net/) and Mark Pilgrim (http://diveintomark.org/)
  Version:      $Revision: 1.1 $
  Date:         $Date: 2002/10/18 14:18:33 $
  Copyright:    Copyright (c) 2002 Sam Ruby and Mark Pilgrim
  License:      Python
-->

<!--
  Description:  valid language with country code
  Expect:       !InvalidLanguage
-->

<rss version="2.0">
<channel>
<title>Validity test</title>
<link>http://purl.org/rss/2.0/</link>
<description>valid language</description>
<language>en-us</language>
</channel>
</rss>

<!--
$Log: language_country_code.xml,v $
Revision 1.1  2002/10/18 14:18:33  f8dy
added tests for ISO-639 language codes

-->
