<!--
  Id:           $Id: pubdate_no_seconds.xml,v 1.1 2002/10/22 20:11:19 f8dy Exp $
  Author:       Sam Ruby (http://intertwingly.net/) and Mark Pilgrim (http://diveintomark.org/)
  Version:      $Revision: 1.1 $
  Date:         $Date: 2002/10/22 20:11:19 $
  Copyright:    Copyright (c) 2002 Sam Ruby and Mark Pilgrim
  License:      Python
-->

<!--
  Description:  valid pubDate with no seconds
  Expect:       !InvalidRFC2822Date
-->

<rss version="2.0">
<channel>
<title>Validity test</title>
<link>http://purl.org/rss/2.0/</link>
<description>valid pubDate</description>
<pubDate>21 Oct 02 06:45 EDT</pubDate>
</channel>
</rss>

<!--
$Log: pubdate_no_seconds.xml,v $
Revision 1.1  2002/10/22 20:11:19  f8dy
added test case for RFC 822 date with no seconds (and passed)

-->
