<!--
  Id:           $Id: rss10_textinput2.xml,v 1.1 2002/10/22 14:11:03 f8dy Exp $
  Author:       Sam Ruby (http://intertwingly.net/) and Mark Pilgrim (http://diveintomark.org/)
  Version:      $Revision: 1.1 $
  Date:         $Date: 2002/10/22 14:11:03 $
  Copyright:    Copyright (c) 2002 Sam Ruby and Mark Pilgrim
  License:      Python
-->

<!--
  Description:  RSS 1.0 uses 2 textinput fields
  Expect:       !MissingTitle{parent:textinput}
-->

<rdf:RDF
 xmlns="http://purl.org/rss/1.0/"
 xmlns:dc="http://purl.org/dc/elements/1.1/"
 xmlns:content="http://purl.org/rss/1.0/modules/content/"
 xmlns:rdf="http://www.w3.org/1999/02/22-rdf-syntax-ns#"
>
<channel rdf:about="http://www.example.com/">
<title>RSS 1.0 feed</title>
<description>Sample RSS 1.0 feed</description>
<link>http://www.example.com/</link>
<textinput rdf:resource="http://www.example.com" />
</channel>
<textinput rdf:about="http://www.example.com/search.php">
<title>Search me</title>
<description>Search my archives</description>
<name>query</name>
<link>http://www.example.com/search.php</link>
</textinput>
</rdf:RDF>

<!--
$Log: rss10_textinput2.xml,v $
Revision 1.1  2002/10/22 14:11:03  f8dy
added UNPASSED test cases dealing with RSS 1.0 vs. 2.0 images and textinputs

-->
