<!--
  Id:           $Id: dcdate_fractional_second.xml,v 1.2 2003/07/29 16:44:56 f8dy Exp $
  Author:       Sam Ruby (http://intertwingly.net/) and Mark Pilgrim (http://diveintomark.org/)
  Version:      $Revision: 1.2 $
  Date:         $Date: 2003/07/29 16:44:56 $
  Copyright:    Copyright (c) 2002 Sam Ruby and Mark Pilgrim
  License:      Python
-->

<!--
  Description:  valid dc:date (fractional seconds)
  Expect:       ValidW3DTFDate{parent:channel,element:dc:date}
-->

<rss version="2.0" xmlns:dc="http://purl.org/dc/elements/1.1/">
<channel>
<title>Validity test</title>
<link>http://purl.org/rss/2.0/</link>
<description>valid dc:date (fractional seconds)</description>
<dc:date>2002-12-31T19:20:30.45+01:00</dc:date>
</channel>
</rss>

<!--
$Log: dcdate_fractional_second.xml,v $
Revision 1.2  2003/07/29 16:44:56  f8dy
changed test cases to explicitly test for success (rather than the absence of failure)

Revision 1.1  2003/07/06 21:20:02  rubys
Refactor so test cases are organized by protocol

Revision 1.2  2002/10/18 13:23:30  f8dy
added licensing information

-->
