<!--
  Id:           $Id: docs.xml,v 1.2 2003/07/29 16:44:56 f8dy Exp $
  Author:       Sam Ruby (http://intertwingly.net/) and Mark Pilgrim (http://diveintomark.org/)
  Version:      $Revision: 1.2 $
  Date:         $Date: 2003/07/29 16:44:56 $
  Copyright:    Copyright (c) 2002 Sam Ruby and Mark Pilgrim
  License:      Python
-->

<!--
  Description:  docs contains valid URL
  Expect:       ValidURI{parent:channel,element:docs}
-->

<rss version="2.0">
<channel>
<title>Invalid cloud</title>
<link>http://purl.org/rss/2.0/</link>
<description>foo</description>
<docs>http://backend.userland.com/rss</docs>
</channel>
</rss>

<!--
$Log: docs.xml,v $
Revision 1.2  2003/07/29 16:44:56  f8dy
changed test cases to explicitly test for success (rather than the absence of failure)

Revision 1.1  2003/07/06 21:20:02  rubys
Refactor so test cases are organized by protocol

Revision 1.2  2002/10/18 13:23:30  f8dy
added licensing information

-->
