<!--
  Id:           $Id: entry_author_name_contains_html_cdata.xml,v 1.3 2003/08/05 05:32:35 f8dy Exp $
  Author:       Sam Ruby (http://intertwingly.net/) and Mark Pilgrim (http://diveintomark.org/)
  Version:      $Revision: 1.3 $
  Date:         $Date: 2003/08/05 05:32:35 $
  Copyright:    Copyright (c) 2003 Sam Ruby and Mark Pilgrim
  License:      Python
-->

<!--
  Description:  author name must not include HTML (even in CDATA)
  Expect:       ContainsHTML{element:name}
-->

<feed version="0.2" xmlns="http://purl.org/atom/ns#">
<entry>
<author>
<name><![CDATA[<b>Invalid name</b>]]></name>
</author>
</entry>
</feed>

<!--
$Log: entry_author_name_contains_html_cdata.xml,v $
Revision 1.3  2003/08/05 05:32:35  f8dy
0.2 snapshot - change version number and default namespace

Revision 1.2  2003/07/29 15:46:31  f8dy
changed test cases to explicitly test for success (rather than the absence of failure)

Revision 1.1  2003/07/06 21:26:36  rubys
Commit the pie/echo/unnamed-project test cases


-->
