<!--
  Id:           $Id: entry_contributor_name_contains_html_cdata.xml,v 1.1 2003/07/06 21:26:36 rubys Exp $
  Author:       Sam Ruby (http://intertwingly.net/) and Mark Pilgrim (http://diveintomark.org/)
  Version:      $Revision: 1.1 $
  Date:         $Date: 2003/07/06 21:26:36 $
  Copyright:    Copyright (c) 2003 Sam Ruby and Mark Pilgrim
  License:      Python
-->

<!--
  Description:  contributor name must not include HTML (even in CDATA)
  Expect:       ContainsHTML
-->

<feed version="0.1" xmlns="http://example.com/newformat#">
<entry>
<contributor>
<name><![CDATA[<b>Invalid name</b>]]></name>
</contributor>
</entry>
</feed>

<!--
$Log: entry_contributor_name_contains_html_cdata.xml,v $
Revision 1.1  2003/07/06 21:26:36  rubys
Commit the pie/echo/unnamed-project test cases


-->
