<!--
  Id:           $Id: feed_namespace_missing_dc.xml,v 1.1 2003/07/06 21:26:36 rubys Exp $
  Author:       Sam Ruby (http://intertwingly.net/) and Mark Pilgrim (http://diveintomark.org/)
  Version:      $Revision: 1.1 $
  Date:         $Date: 2003/07/06 21:26:36 $
  Copyright:    Copyright (c) 2003 Sam Ruby and Mark Pilgrim
  License:      Python
-->

<!--
  Description:  Dublin Core element is used, but Dublin Core namespace is never defined
  Expect:       MissingNamespace
-->

<feed version="0.1" xmlns="http://example.com/newformat#">
<title>Example feed</title>
<subtitle>Taglines aren't what they used to be</subtitle>
<link>http://example.com/</link>
<dc:language>en-us</dc:language>
</feed>

<!--
$Log: feed_namespace_missing_dc.xml,v $
Revision 1.1  2003/07/06 21:26:36  rubys
Commit the pie/echo/unnamed-project test cases


-->
