<!--
  Id:           $Id: entry_author_name_multiple.xml,v 1.1 2003/07/06 21:26:36 rubys Exp $
  Author:       Sam Ruby (http://intertwingly.net/) and Mark Pilgrim (http://diveintomark.org/)
  Version:      $Revision: 1.1 $
  Date:         $Date: 2003/07/06 21:26:36 $
  Copyright:    Copyright (c) 2003 Sam Ruby and Mark Pilgrim
  License:      Python
-->

<!--
  Description:  can only have one author name
  Expect:       DuplicateElement{parent:author,element:name}
-->

<feed version="0.1" xmlns="http://example.com/newformat#">
<entry>
<author>
<name>Validation ain't what it used to be</name>
<name>Validation ain't what it used to be</name>
</author>
</entry>
</feed>

<!--
$Log: entry_author_name_multiple.xml,v $
Revision 1.1  2003/07/06 21:26:36  rubys
Commit the pie/echo/unnamed-project test cases


-->
