<!--
  Id:           $Id: entry_id_duplicate_value.xml,v 1.2 2003/07/20 17:44:27 rubys Exp $
  Author:       Sam Ruby (http://intertwingly.net/) and Mark Pilgrim (http://diveintomark.org/)
  Version:      $Revision: 1.2 $
  Date:         $Date: 2003/07/20 17:44:27 $
  Copyright:    Copyright (c) 2003 Sam Ruby and Mark Pilgrim
  License:      Python
-->

<!--
  Description:  entry id values must be unique within a feed
  Expect:       DuplicateValue{element:id}
-->

<feed version="0.1" xmlns="http://example.com/newformat#">
<entry>
<id>http://example.com/1</id>
</entry>
<entry>
<id>http://example.com/1</id>
</entry>
</feed>

<!--
$Log: entry_id_duplicate_value.xml,v $
Revision 1.2  2003/07/20 17:44:27  rubys
Detect duplicate ids and guids

Revision 1.1  2003/07/19 21:15:08  f8dy
added tests and logging classes for duplicate guid/id values within a feed (thanks AaronSw for this idea)


-->
