<!--
  Id:           $Id: description_contains_meta.xml,v 1.2 2002/10/18 13:23:31 f8dy Exp $
  Author:       Sam Ruby (http://intertwingly.net/) and Mark Pilgrim (http://diveintomark.org/)
  Version:      $Revision: 1.2 $
  Date:         $Date: 2002/10/18 13:23:31 $
  Copyright:    Copyright (c) 2002 Sam Ruby and Mark Pilgrim
  License:      Python
-->

<!--
  Description:  item description should not contain META tag
  Expect:       ContainsMeta{element:description}
-->

<rss version="2.0">
<channel>
<item>
<title>Foo</title>
<link>http://purl.org/rss/2.0/?item</link>
<description>&lt;meta http-equiv="refresh" content="0; url='http://example.com/'"&gt;</description>
</item>
</channel>
</rss>

<!--
$Log: description_contains_meta.xml,v $
Revision 1.2  2002/10/18 13:23:31  f8dy
added licensing information

-->
