<!--
  Id:           $Id: invalid_image_blank_title.xml,v 1.2 2002/10/18 13:23:30 f8dy Exp $
  Author:       Sam Ruby (http://intertwingly.net/) and Mark Pilgrim (http://diveintomark.org/)
  Version:      $Revision: 1.2 $
  Date:         $Date: 2002/10/18 13:23:30 $
  Copyright:    Copyright (c) 2002 Sam Ruby and Mark Pilgrim
  License:      Python
-->

<!--
  Description:  image must contain title (not blank)
  Expect:       NotBlank{element:title}
-->

<rss version="2.0">
<channel>
<title>Invalid image</title>
<link>http://purl.org/rss/2.0/</link>
<description>foo</description>
<image>
<title></title>
</image>
</channel>
</rss>

<!--
$Log: invalid_image_blank_title.xml,v $
Revision 1.2  2002/10/18 13:23:30  f8dy
added licensing information

-->
