<!--
  Id:           $Id: invalid_image_link.xml,v 1.3 2002/10/18 13:23:30 f8dy Exp $
  Author:       Sam Ruby (http://intertwingly.net/) and Mark Pilgrim (http://diveintomark.org/)
  Version:      $Revision: 1.3 $
  Date:         $Date: 2002/10/18 13:23:30 $
  Copyright:    Copyright (c) 2002 Sam Ruby and Mark Pilgrim
  License:      Python
-->

<!--
  Description:  image must contain link (fully qualified URL)
  Expect:       InvalidLink{element:link}
-->

<rss version="2.0">
<channel>
<title>Invalid image</title>
<link>http://purl.org/rss/2.0/</link>
<description>foo</description>
<image>
<link>example.com</link>
</image>
</channel>
</rss>

<!--
$Log: invalid_image_link.xml,v $
Revision 1.3  2002/10/18 13:23:30  f8dy
added licensing information

-->
