<!--
  Id:           $Id: item_author.xml,v 1.2 2002/10/18 13:23:30 f8dy Exp $
  Author:       Sam Ruby (http://intertwingly.net/) and Mark Pilgrim (http://diveintomark.org/)
  Version:      $Revision: 1.2 $
  Date:         $Date: 2002/10/18 13:23:30 $
  Copyright:    Copyright (c) 2002 Sam Ruby and Mark Pilgrim
  License:      Python
-->

<!--
  Description:  valid item author
  Expect:       !InvalidContact{element:author}
-->

<rss version="2.0">
<channel>
<title>Valid author</title>
<link>http://purl.org/rss/2.0/</link>
<description>valid item author</description>
<item>
<title>Valid item author</title>
<link>http://purl/org/rss/2.0/?item</link>
<description>Foo</description>
<author>me@example.com (Mark Pilgrim)</author>
</item>
</channel>
</rss>

<!--
$Log: item_author.xml,v $
Revision 1.2  2002/10/18 13:23:30  f8dy
added licensing information

-->
