<!--
  Id:           $Id: multiple_textInput_title.xml,v 1.1 2002/10/18 15:41:34 f8dy Exp $
  Author:       Sam Ruby (http://intertwingly.net/) and Mark Pilgrim (http://diveintomark.org/)
  Version:      $Revision: 1.1 $
  Date:         $Date: 2002/10/18 15:41:34 $
  Copyright:    Copyright (c) 2002 Sam Ruby and Mark Pilgrim
  License:      Python
-->

<!--
  Description:  can only have one textInput title
  Expect:       DuplicateElement{parent:textInput,element:title}
-->

<rss version="2.0">
<channel>
<textInput>
<title>Search Slashdot</title>
<title>Search Slashdot</title>
<description>Search Slashdot stories</description>
<name>query</name>
<link>http://slashdot.org/search.pl</link>
</channel>
</rss>

<!--
$Log: multiple_textInput_title.xml,v $
Revision 1.1  2002/10/18 15:41:34  f8dy
added (and passed) testcases for unallowed duplicates of the same element

-->
