<!--
  Id:           $Id: multiple_item_dcdate.xml,v 1.1 2002/10/18 18:48:08 f8dy Exp $
  Author:       Sam Ruby (http://intertwingly.net/) and Mark Pilgrim (http://diveintomark.org/)
  Version:      $Revision: 1.1 $
  Date:         $Date: 2002/10/18 18:48:08 $
  Copyright:    Copyright (c) 2002 Sam Ruby and Mark Pilgrim
  License:      Python
-->

<!--
  Description:  can only have one item dc:date
  Expect:       DuplicateElement{parent:item,element:dc:date}
-->

<rss version="2.0" xmlns:dc="http://purl.org/dc/elements/1.1/">
<channel>
<item>
<dc:date>2002-12-31T01:15:07-05:00</dc:date>
<dc:date>2002-12-31T01:15:07-05:00</dc:date>
</item>
</channel>
</rss>

<!--
$Log: multiple_item_dcdate.xml,v $
Revision 1.1  2002/10/18 18:48:08  f8dy
added test cases for dublin core

-->
