<!--
  Id:           $Id: pubdate_september.xml,v 1.2 2002/10/18 13:23:31 f8dy Exp $
  Author:       Sam Ruby (http://intertwingly.net/) and Mark Pilgrim (http://diveintomark.org/)
  Version:      $Revision: 1.2 $
  Date:         $Date: 2002/10/18 13:23:31 $
  Copyright:    Copyright (c) 2002 Sam Ruby and Mark Pilgrim
  License:      Python
-->

<!--
  Description:  valid pubDate (September)
  Expect:       !InvalidRFC2822Date
-->

<rss version="2.0">
<channel>
<title>Validity test</title>
<link>http://purl.org/rss/2.0/</link>
<description>valid pubDate (September)</description>
<pubDate>10 Sep 2002 14:20:20 GMT</pubDate>
</channel>
</rss>

<!--
$Log: pubdate_september.xml,v $
Revision 1.2  2002/10/18 13:23:31  f8dy
added licensing information

-->
