<!--
  Id:           $Id: cloud_registerprocedure.xml,v 1.2 2002/10/18 13:23:30 f8dy Exp $
  Author:       Sam Ruby (http://intertwingly.net/) and Mark Pilgrim (http://diveintomark.org/)
  Version:      $Revision: 1.2 $
  Date:         $Date: 2002/10/18 13:23:30 $
  Copyright:    Copyright (c) 2002 Sam Ruby and Mark Pilgrim
  License:      Python
-->

<!--
  Description:  cloud must include registerProcedure attribute
  Expect:       !MissingAttribute{element:cloud,attr:registerProcedure}
-->

<rss version="2.0">
<channel>
<title>Invalid cloud</title>
<link>http://purl.org/rss/2.0/</link>
<description>foo</description>
<cloud domain="radio.xmlstoragesystem.com" port="80" path="/RPC2" registerProcedure="pingMe" protocol="soap"/>
</channel>
</rss>

<!--
$Log: cloud_registerprocedure.xml,v $
Revision 1.2  2002/10/18 13:23:30  f8dy
added licensing information

-->
