<!--
  Id:           $Id: item_link.xml,v 1.1 2002/10/18 13:47:00 f8dy Exp $
  Author:       Sam Ruby (http://intertwingly.net/) and Mark Pilgrim (http://diveintomark.org/)
  Version:      $Revision: 1.1 $
  Date:         $Date: 2002/10/18 13:47:00 $
  Copyright:    Copyright (c) 2002 Sam Ruby and Mark Pilgrim
  License:      Python
-->

<!--
  Description:  valid item link (http)
  Expect:       !InvalidLink
-->

<rss version="2.0">
<channel>
<title>Valid link</title>
<description>valid item link (http)</description>
<item>
<link>http://purl.org/rss/2.0/#item</link>
</item>
</channel>
</rss>

<!--
$Log: item_link.xml,v $
Revision 1.1  2002/10/18 13:47:00  f8dy
initial release

-->
