<!--
  Id:           $Id: missing_rss.xml,v 1.4 2002/10/18 13:23:30 f8dy Exp $
  Author:       Sam Ruby (http://intertwingly.net/) and Mark Pilgrim (http://diveintomark.org/)
  Version:      $Revision: 1.4 $
  Date:         $Date: 2002/10/18 13:23:30 $
  Copyright:    Copyright (c) 2002 Sam Ruby and Mark Pilgrim
  License:      Python
-->

<!--
  Description:  root element must be known
  Expect:       UndefinedElement{parent:root}
-->

<unknown>
<channel>
<title>Test case: missing RSS element</title>
<link>http://purl.org/rss/2.0/</link>
<description>root element must be rss</description>
</channel>
</unknown>
