<!--
  Id:           $Id: multiple_item_dcsubject.xml,v 1.1 2002/10/18 18:48:08 f8dy Exp $
  Author:       Sam Ruby (http://intertwingly.net/) and Mark Pilgrim (http://diveintomark.org/)
  Version:      $Revision: 1.1 $
  Date:         $Date: 2002/10/18 18:48:08 $
  Copyright:    Copyright (c) 2002 Sam Ruby and Mark Pilgrim
  License:      Python
-->

<!--
  Description:  can have multiple item dc:subject
  Expect:       !DuplicateElement
-->

<rss version="2.0" xmlns:dc="http://purl.org/dc/elements/1.1/">
<channel>
<item>
<dc:subject>Apple</dc:subject>
<dc:subject>Weblogging</dc:subject>
</item>
</channel>
</rss>

<!--
$Log: multiple_item_dcsubject.xml,v $
Revision 1.1  2002/10/18 18:48:08  f8dy
added test cases for dublin core

-->
