<!--
  Id:           $Id: rdf_Description.xml,v 1.1 2002/10/20 13:36:59 rubys Exp $
  Author:       Sam Ruby (http://intertwingly.net/) and Mark Pilgrim (http://diveintomark.org/)
  Version:      $Revision: 1.1 $
  Date:         $Date: 2002/10/20 13:36:59 $
  Copyright:    Copyright (c) 2002 Sam Ruby and Mark Pilgrim
  License:      Python
-->

<!--
  Description:  permit rdf:Description
  Expect:       !UndefinedElement{element:Description}
-->

<rss version="2.0" xmlns:rdf="http://www.w3.org/1999/02/22-rdf-syntax-ns#"
  xmlns:dc="http://purl.org/dc/elements/1.1/">
<channel>
<dc:creator>
  <rdf:Description>
    <dc:title>me</dc:title>
  </rdf:Description>
</dc:creator>
</channel>
</rss>

<!--
$Log: rdf_Description.xml,v $
Revision 1.1  2002/10/20 13:36:59  rubys
Permit rdf:Description anywhere text is allowed


-->
