<!--
  Id:           $Id: textInput_name.xml,v 1.2 2002/10/18 13:23:31 f8dy Exp $
  Author:       Sam Ruby (http://intertwingly.net/) and Mark Pilgrim (http://diveintomark.org/)
  Version:      $Revision: 1.2 $
  Date:         $Date: 2002/10/18 13:23:31 $
  Copyright:    Copyright (c) 2002 Sam Ruby and Mark Pilgrim
  License:      Python
-->

<!--
  Description:  textInput contains name
  Expect:       !MissingElement{parent:textInput,element:name}
-->

<rss version="2.0">
<channel>
<title>Invalid cloud</title>
<link>http://purl.org/rss/2.0/</link>
<description>foo</description>
<textInput>
<title>Search Slashdot</title>
<description>Search Slashdot stories</description>
<link>http://slashdot.org/search.pl</link>
<name>query</name>
</textInput>
</channel>
</rss>

<!--
$Log: textInput_name.xml,v $
Revision 1.2  2002/10/18 13:23:31  f8dy
added licensing information

-->
