<!--
  Id:           $Id: description_contains_relref.xml,v 1.1 2002/10/27 18:54:30 rubys Exp $
  Author:       Sam Ruby (http://intertwingly.net/) and Mark Pilgrim (http://diveintomark.org/)
  Version:      $Revision: 1.1 $
  Date:         $Date: 2002/10/27 18:54:30 $
  Copyright:    Copyright (c) 2002 Sam Ruby and Mark Pilgrim
  License:      Python
-->

<!--
  Description:  item description should not contain relative references
  Expect:       ContainsRelRef
-->

<rss version="2.0">
<channel>
<item>
<title>Foo</title>
<link>http://purl.org/rss/2.0/?item</link>
<description>&lt;a href="/"&gt;</description>
</item>
</channel>
</rss>

<!--
$Log: description_contains_relref.xml,v $
Revision 1.1  2002/10/27 18:54:30  rubys
Issue warnings for relative references in descriptions

Revision 1.2  2002/10/18 13:23:31  f8dy
added licensing information

-->
