<!--
  Id:           $Id: description_non_script.xml,v 1.1 2002/10/24 18:24:36 rubys Exp $
  Author:       Sam Ruby (http://intertwingly.net/) and Mark Pilgrim (http://diveintomark.org/)
  Version:      $Revision: 1.1 $
  Date:         $Date: 2002/10/24 18:24:36 $
  Copyright:    Copyright (c) 2002 Sam Ruby and Mark Pilgrim
  License:      Python
-->

<!--
  Description:  almost, but not quite, script tag
  Expect:       !ContainsScript{element:description}
-->

<rss version="2.0">
<channel>
<item>
<title>Foo</title>
<link>http://purl.org/rss/2.0/?item</link>
<description>&lt;scriptingNews&gt;</description>
</item>
</channel>
</rss>

<!--
$Log: description_non_script.xml,v $
Revision 1.1  2002/10/24 18:24:36  rubys
Prevent mere mention of <scriptingNews> from causing an error to be flagged.
http://radio.weblogs.com/0001018/2002/10/24.html#a1760

Revision 1.2  2002/10/18 13:23:31  f8dy
added licensing information

-->
