<!--
  Id:           $Id: duplicate_item_author.xml,v 1.2 2002/10/18 13:23:31 f8dy Exp $
  Author:       Sam Ruby (http://intertwingly.net/) and Mark Pilgrim (http://diveintomark.org/)
  Version:      $Revision: 1.2 $
  Date:         $Date: 2002/10/18 13:23:31 $
  Copyright:    Copyright (c) 2002 Sam Ruby and Mark Pilgrim
  License:      Python
-->

<!--
  Description:  item must not include both author and dc:creator
  Expect:       DuplicateItemSemantics
-->

<rss version="2.0" xmlns:dc="http://purl.org/dc/elements/1.1/">
<channel>
<title>Duplicate semantics</title>
<link>http://purl.org/rss/2.0/</link>
<description>item must not include both author and dc:creator</description>
<item>
<title>Duplicate semantics</title>
<link>http://purl/org/rss/2.0/?item</link>
<description>Foo</description>
<category>Weblogging</category>
<author>me@example.com (Mark Pilgrim)</author>
<dc:creator>me@example.com (Mark Pilgrim)</dc:creator>
</item>
</channel>
</rss>

<!--
$Log: duplicate_item_author.xml,v $
Revision 1.2  2002/10/18 13:23:31  f8dy
added licensing information

-->
