<!--
  Id:           $Id: duplicate_lastBuildDate.xml,v 1.2 2002/10/18 13:23:31 f8dy Exp $
  Author:       Sam Ruby (http://intertwingly.net/) and Mark Pilgrim (http://diveintomark.org/)
  Version:      $Revision: 1.2 $
  Date:         $Date: 2002/10/18 13:23:31 $
  Copyright:    Copyright (c) 2002 Sam Ruby and Mark Pilgrim
  License:      Python
-->

<!--
  Description:  channel must not include both lastBuildDate and dcterms:modified
  Expect:       DuplicateSemantics
-->

<rss version="2.0" xmlns:dcterms="http://purl.org/dc/terms/">
<channel>
<title>Duplicate semantics</title>
<link>http://purl.org/rss/2.0/</link>
<description>channel must not include both lastBuildDate and dcterms:modified</description>
<lastBuildDate>Mon, 31 Dec 2002 14:20:20 GMT</lastBuildDate>
<dcterms:modified>2002-12-31T01:15:07-05:00</dcterms:modified>
</channel>
</rss>

<!--
$Log: duplicate_lastBuildDate.xml,v $
Revision 1.2  2002/10/18 13:23:31  f8dy
added licensing information

-->
