<!--
  Id:           $Id: invalid_textInput_no_title.xml,v 1.1 2003/07/06 21:20:03 rubys Exp $
  Author:       Sam Ruby (http://intertwingly.net/) and Mark Pilgrim (http://diveintomark.org/)
  Version:      $Revision: 1.1 $
  Date:         $Date: 2003/07/06 21:20:03 $
  Copyright:    Copyright (c) 2002 Sam Ruby and Mark Pilgrim
  License:      Python
-->

<!--
  Description:  textInput must contain title
  Expect:       MissingTitle{parent:textInput,element:title}
-->

<rss version="2.0">
<channel>
<title>Invalid cloud</title>
<link>http://purl.org/rss/2.0/</link>
<description>foo</description>
<textInput>
<description>Search Slashdot stories</description>
<name>query</name>
<link>http://slashdot.org/search.pl</link>
</textInput>
</channel>
</rss>

<!--
$Log: invalid_textInput_no_title.xml,v $
Revision 1.1  2003/07/06 21:20:03  rubys
Refactor so test cases are organized by protocol

Revision 1.3  2002/10/18 13:23:30  f8dy
added licensing information

-->
