<!--
  Id:           $Id: invalid_language.xml,v 1.2 2003/07/29 20:57:39 f8dy Exp $
  Author:       Sam Ruby (http://intertwingly.net/) and Mark Pilgrim (http://diveintomark.org/)
  Version:      $Revision: 1.2 $
  Date:         $Date: 2003/07/29 20:57:39 $
  Copyright:    Copyright (c) 2002 Sam Ruby and Mark Pilgrim
  License:      Python
-->

<!--
  Description:  language must be ISO-639 language code
  Expect:       InvalidLanguage{parent:channel,element:language}
-->

<rss version="2.0" xmlns:dc="http://purl.org/dc/elements/1.1/">
<channel>
<title>Validity test</title>
<link>http://purl.org/rss/2.0/</link>
<description>invalid language</description>
<language>English</language>
</channel>
</rss>

<!--
$Log: invalid_language.xml,v $
Revision 1.2  2003/07/29 20:57:39  f8dy
tightened up test cases, check for parent element, explicitly test for success

Revision 1.1  2003/07/06 21:20:03  rubys
Refactor so test cases are organized by protocol

Revision 1.1  2002/10/18 14:18:33  f8dy
added tests for ISO-639 language codes

-->
