<!--
  Id:           $Id: item_link_ftp.xml,v 1.2 2003/07/29 20:57:39 f8dy Exp $
  Author:       Sam Ruby (http://intertwingly.net/) and Mark Pilgrim (http://diveintomark.org/)
  Version:      $Revision: 1.2 $
  Date:         $Date: 2003/07/29 20:57:39 $
  Copyright:    Copyright (c) 2002 Sam Ruby and Mark Pilgrim
  License:      Python
-->

<!--
  Description:  valid item link (ftp)
  Expect:       ValidURI{parent:item,element:link}
-->

<rss version="2.0">
<channel>
<title>Valid link</title>
<description>valid channel link (ftp)</description>
<item>
<link>ftp://purl.org/rss/2.0/#item</link>
</item>
</channel>
</rss>

<!--
$Log: item_link_ftp.xml,v $
Revision 1.2  2003/07/29 20:57:39  f8dy
tightened up test cases, check for parent element, explicitly test for success

Revision 1.1  2003/07/06 21:20:03  rubys
Refactor so test cases are organized by protocol

Revision 1.1  2002/10/18 14:17:54  f8dy
added

-->
