<!--
  Id:           $Id: invalid_title.xml,v 1.3 2002/10/18 13:23:30 f8dy Exp $
  Author:       Sam Ruby (http://intertwingly.net/) and Mark Pilgrim (http://diveintomark.org/)
  Version:      $Revision: 1.3 $
  Date:         $Date: 2002/10/18 13:23:30 $
  Copyright:    Copyright (c) 2002 Sam Ruby and Mark Pilgrim
  License:      Python
-->

<!--
  Description:  channel title must not include HTML
  Expect:       ContainsHTML
-->

<rss version="2.0">
<channel>
<title>&lt;b&gt;Invalid title&lt;/b&gt;</title>
<link>http://purl.org/rss/2.0/</link>
<description>channel title must not include HTML</description>
</channel>
</rss>

<!--
$Log: invalid_title.xml,v $
Revision 1.3  2002/10/18 13:23:30  f8dy
added licensing information

-->
