<!--
  Id:           $Id: invalid_cloud_zero_port.xml,v 1.3 2002/10/18 13:23:30 f8dy Exp $
  Author:       Sam Ruby (http://intertwingly.net/) and Mark Pilgrim (http://diveintomark.org/)
  Version:      $Revision: 1.3 $
  Date:         $Date: 2002/10/18 13:23:30 $
  Copyright:    Copyright (c) 2002 Sam Ruby and Mark Pilgrim
  License:      Python
-->

<!--
  Description:  cloud must include non-zero port attribute
  Expect:       InvalidIntegerAttribute{element:cloud,attr:port}
-->

<rss version="2.0">
<channel>
<title>Invalid cloud</title>
<link>http://purl.org/rss/2.0/</link>
<description>foo</description>
<cloud domain="radio.xmlstoragesystem.com" port="0" path="/RPC2" registerProcedure="pingMe" protocol="soap"/>
</channel>
</rss>

<!--
$Log: invalid_cloud_zero_port.xml,v $
Revision 1.3  2002/10/18 13:23:30  f8dy
added licensing information

-->
