<!--
  Id:           $Id: invalid_item_enclosure_no_length.xml,v 1.3 2002/10/18 13:23:30 f8dy Exp $
  Author:       Sam Ruby (http://intertwingly.net/) and Mark Pilgrim (http://diveintomark.org/)
  Version:      $Revision: 1.3 $
  Date:         $Date: 2002/10/18 13:23:30 $
  Copyright:    Copyright (c) 2002 Sam Ruby and Mark Pilgrim
  License:      Python
-->

<!--
  Description:  item enclosure must include length
  Expect:       MissingAttribute{element:enclosure,attr:length}
-->

<rss version="2.0">
<channel>
<title>Invalid enclosure</title>
<link>http://purl.org/rss/2.0/</link>
<description>enclosure must include length attribute</description>
<item>
<title>Invalid item enclosure</title>
<link>http://purl/org/rss/2.0/?item</link>
<description>Foo</description>
<enclosure url="http://live.curry.com/mp3/celebritySCms.mp3" type="audio/mpeg"/>
</item>
</channel>
</rss>

<!--
$Log: invalid_item_enclosure_no_length.xml,v $
Revision 1.3  2002/10/18 13:23:30  f8dy
added licensing information

-->
