<!--
  Id:           $Id: multiple_image_link.xml,v 1.1 2002/10/18 15:41:33 f8dy Exp $
  Author:       Sam Ruby (http://intertwingly.net/) and Mark Pilgrim (http://diveintomark.org/)
  Version:      $Revision: 1.1 $
  Date:         $Date: 2002/10/18 15:41:33 $
  Copyright:    Copyright (c) 2002 Sam Ruby and Mark Pilgrim
  License:      Python
-->

<!--
  Description:  can only have one image link
  Expect:       DuplicateElement{parent:image,element:link}
-->

<rss version="2.0">
<channel>
<image>
<title>My cat</title>
<link>http://example.com/</link>
<link>http://example2.com/</link>
<url>http://example.com/cat.jpg</url>
<width>88</width>
<height>31</height>
</image>
</channel>
</rss>

<!--
$Log: multiple_image_link.xml,v $
Revision 1.1  2002/10/18 15:41:33  f8dy
added (and passed) testcases for unallowed duplicates of the same element

-->
