<!--
  Id:           $Id: rss10_image.xml,v 1.1 2002/10/22 14:11:03 f8dy Exp $
  Author:       Sam Ruby (http://intertwingly.net/) and Mark Pilgrim (http://diveintomark.org/)
  Version:      $Revision: 1.1 $
  Date:         $Date: 2002/10/22 14:11:03 $
  Copyright:    Copyright (c) 2002 Sam Ruby and Mark Pilgrim
  License:      Python
-->

<!--
  Description:  RSS 1.0 uses lowercase image
  Expect:       !UndefinedElement
-->

<rdf:RDF
 xmlns="http://purl.org/rss/1.0/"
 xmlns:dc="http://purl.org/dc/elements/1.1/"
 xmlns:content="http://purl.org/rss/1.0/modules/content/"
 xmlns:rdf="http://www.w3.org/1999/02/22-rdf-syntax-ns#"
>
<channel rdf:about="http://www.example.com/">
<title>RSS 1.0 feed</title>
<description>Sample RSS 1.0 feed</description>
<link>http://www.example.com/</link>
<image rdf:resource="http://www.example.com/image" />
</channel>
<image rdf:about="http://www.example.com/image">
<title>my cat</title>
<link>http://www.example.com/cat.jpg</link>
</image>
</rdf:RDF>

<!--
$Log: rss10_image.xml,v $
Revision 1.1  2002/10/22 14:11:03  f8dy
added UNPASSED test cases dealing with RSS 1.0 vs. 2.0 images and textinputs

Revision 1.1  2002/10/22 13:16:37  f8dy
added lowercase textinput case (RSS 1.0)

-->
