<!--
  Id:           $Id: unknown_element.xml,v 1.3 2002/10/18 13:23:31 f8dy Exp $
  Author:       Sam Ruby (http://intertwingly.net/) and Mark Pilgrim (http://diveintomark.org/)
  Version:      $Revision: 1.3 $
  Date:         $Date: 2002/10/18 13:23:31 $
  Copyright:    Copyright (c) 2002 Sam Ruby and Mark Pilgrim
  License:      Python
-->

<!--
  Description:  elements may not be added to the core namespace
  Expect:       UndefinedElement
-->

<rss version="2.0">
<channel>
<title>Unknown element</title>
<link>http://purl.org/rss/2.0/</link>
<description>elements may not be added to the core namespace</description>
<foo>bar</foo>
</channel>
</rss>

<!--
$Log: unknown_element.xml,v $
Revision 1.3  2002/10/18 13:23:31  f8dy
added licensing information

-->
