<!--
  Id:           $Id: unknown_element_in_known_namespace.xml,v 1.2 2002/10/18 13:23:31 f8dy Exp $
  Author:       Sam Ruby (http://intertwingly.net/) and Mark Pilgrim (http://diveintomark.org/)
  Version:      $Revision: 1.2 $
  Date:         $Date: 2002/10/18 13:23:31 $
  Copyright:    Copyright (c) 2002 Sam Ruby and Mark Pilgrim
  License:      Python
-->

<!--
  Description:  undefined element in known namespace is assumed valid
  Expect:       !UndefinedElement
-->

<rss version="2.0" xmlns:sy="http://purl.org/rss/1.0/modules/syndication/">
<channel>
<title>Contains sy_updatePeriod</title>
<link>http://example.com/</link>
<description>undefined element in known namespace is assumed valid</description>
<sy:updatePeriod>hourly</sy:updatePeriod>
</channel>
</rss>

<!--
$Log: unknown_element_in_known_namespace.xml,v $
Revision 1.2  2002/10/18 13:23:31  f8dy
added licensing information

-->
