<!--
  Id:           $Id: webMaster_name_and_email.xml,v 1.1 2002/10/23 14:47:18 f8dy Exp $
  Author:       Sam Ruby (http://intertwingly.net/) and Mark Pilgrim (http://diveintomark.org/)
  Version:      $Revision: 1.1 $
  Date:         $Date: 2002/10/23 14:47:18 $
  Copyright:    Copyright (c) 2002 Sam Ruby and Mark Pilgrim
  License:      Python
-->

<!--
  Description:  webMaster can include name and email in parentheses
  Expect:       !InvalidContact
-->

<rss version="2.0">
<channel>
<title>Invalid webMaster</title>
<link>http://purl.org/rss/2.0/</link>
<description>webMaster must include email address</description>
<webMaster>Me (me@example.com)</webMaster>
</channel>
</rss>

<!--
$Log: webMaster_name_and_email.xml,v $
Revision 1.1  2002/10/23 14:47:18  f8dy
added test cases for email address in parentheses (and passed)

-->
