<!--
  Id:           $Id: entry_contributor_name_contains_html_cdata.xml,v 1.4 2003/12/10 21:07:45 f8dy Exp $
  Author:       Sam Ruby (http://intertwingly.net/) and Mark Pilgrim (http://diveintomark.org/)
  Version:      $Revision: 1.4 $
  Date:         $Date: 2003/12/10 21:07:45 $
  Copyright:    Copyright (c) 2003 Sam Ruby and Mark Pilgrim
  License:      Python
-->

<!--
  Description:  contributor name must not include HTML (even in CDATA)
  Expect:       ContainsHTML{parent:contributor,element:name}
-->

<feed version="0.3" xmlns="http://purl.org/atom/ns#">
<entry>
<contributor>
<name><![CDATA[<b>Invalid name</b>]]></name>
</contributor>
</entry>
</feed>

<!--
$Log: entry_contributor_name_contains_html_cdata.xml,v $
Revision 1.4  2003/12/10 21:07:45  f8dy
updated to 0.3

Revision 1.3  2003/08/05 05:32:35  f8dy
0.2 snapshot - change version number and default namespace

Revision 1.2  2003/07/29 21:48:10  f8dy
tightened up test cases, added parent element check, changed negative test cases to positive

Revision 1.1  2003/07/06 21:26:36  rubys
Commit the pie/echo/unnamed-project test cases


-->
