<!--
  Id:           $Id: entry_author_email_invalid.xml,v 1.3 2003/12/10 21:07:43 f8dy Exp $
  Author:       Sam Ruby (http://intertwingly.net/) and Mark Pilgrim (http://diveintomark.org/)
  Version:      $Revision: 1.3 $
  Date:         $Date: 2003/12/10 21:07:43 $
  Copyright:    Copyright (c) 2003 Sam Ruby and Mark Pilgrim
  License:      Python
-->

<!--
  Description:  invalid author email (not email address)
  Expect:       InvalidContact{parent:author,element:email}
-->

<feed version="0.3" xmlns="http://purl.org/atom/ns#">
<entry>
<author>
<name>Valid name</name>
<email>invalid at example.com</email>
</author>
</entry>
</feed>

<!--
$Log: entry_author_email_invalid.xml,v $
Revision 1.3  2003/12/10 21:07:43  f8dy
updated to 0.3

Revision 1.2  2003/08/05 05:32:35  f8dy
0.2 snapshot - change version number and default namespace

Revision 1.1  2003/08/03 12:58:20  f8dy
0.2 snapshot


-->
