<!--
  Id:           $Id: entry_author_name_multiple.xml,v 1.3 2003/12/10 21:07:44 f8dy Exp $
  Author:       Sam Ruby (http://intertwingly.net/) and Mark Pilgrim (http://diveintomark.org/)
  Version:      $Revision: 1.3 $
  Date:         $Date: 2003/12/10 21:07:44 $
  Copyright:    Copyright (c) 2003 Sam Ruby and Mark Pilgrim
  License:      Python
-->

<!--
  Description:  can only have one author name
  Expect:       DuplicateElement{parent:author,element:name}
-->

<feed version="0.3" xmlns="http://purl.org/atom/ns#">
<entry>
<author>
<name>Validation ain't what it used to be</name>
<name>Validation ain't what it used to be</name>
</author>
</entry>
</feed>

<!--
$Log: entry_author_name_multiple.xml,v $
Revision 1.3  2003/12/10 21:07:44  f8dy
updated to 0.3

Revision 1.2  2003/08/05 05:32:35  f8dy
0.2 snapshot - change version number and default namespace

Revision 1.1  2003/07/06 21:26:36  rubys
Commit the pie/echo/unnamed-project test cases


-->
