<!--
  Id:           $Id: entry_contributor_email_contains_plus.xml,v 1.3 2003/12/10 21:07:44 f8dy Exp $
  Contributor:       Sam Ruby (http://intertwingly.net/) and Mark Pilgrim (http://diveintomark.org/)
  Version:      $Revision: 1.3 $
  Date:         $Date: 2003/12/10 21:07:44 $
  Copyright:    Copyright (c) 2003 Sam Ruby and Mark Pilgrim
  License:      Python
-->

<!--
  Description:  valid contributor email (email name contains +)
  Expect:       ValidContact{parent:contributor,element:email}
-->

<feed version="0.3" xmlns="http://purl.org/atom/ns#">
<entry>
<contributor>
<name>Valid name</name>
<email>valid+folder@example.com</email>
</contributor>
</entry>
</feed>

<!--
$Log: entry_contributor_email_contains_plus.xml,v $
Revision 1.3  2003/12/10 21:07:44  f8dy
updated to 0.3

Revision 1.2  2003/08/05 05:32:35  f8dy
0.2 snapshot - change version number and default namespace

Revision 1.1  2003/08/05 05:07:07  f8dy
0.2 snapshot

Revision 1.1  2003/08/03 12:58:20  f8dy
0.2 snapshot


-->
