<!--
  Id:           $Id: entry_content_mp_ok.xml,v 1.1 2003/12/12 01:24:36 rubys Exp $
  Author:       Sam Ruby (http://intertwingly.net/) and Mark Pilgrim (http://diveintomark.org/)
  Version:      $Revision: 1.1 $
  Date:         $Date: 2003/12/12 01:24:36 $
  Copyright:    Copyright (c) 2003 Sam Ruby and Mark Pilgrim
  License:      Python
-->

<!--
  Description:  Multipart content is valid
  Expect:       !MultipartMissing{parent:entry,element:content}
-->

<feed version="0.3" xmlns="http://purl.org/atom/ns#">
<entry>
<content type="multipart/alternative">
  <content type="text/html" xml:lang="en-us" mode="escaped">  
    <![CDATA[<p>Hello, <em>weblog</em> world! 2 &lt; 4!</p>]]>  
  </content>  
  <content type="application/xhtml+xml" xml:lang="en-us" mode="xml">  
    <p xmlns="http://www.w3.org/1999/xhtml">  
       Hello, <em>weblog</em> world! 2 &lt; 4!  
    </p>  
  </content>  
</content>
</entry>
</feed>

<!--
$Log: entry_content_mp_ok.xml,v $
Revision 1.1  2003/12/12 01:24:36  rubys
Multipart/alternative tests



-->
