<!--
  Id:           $Id: entry_id_duplicate_value.xml,v 1.4 2003/08/05 05:32:35 f8dy Exp $
  Author:       Sam Ruby (http://intertwingly.net/) and Mark Pilgrim (http://diveintomark.org/)
  Version:      $Revision: 1.4 $
  Date:         $Date: 2003/08/05 05:32:35 $
  Copyright:    Copyright (c) 2003 Sam Ruby and Mark Pilgrim
  License:      Python
-->

<!--
  Description:  entry id values must be unique within a feed
  Expect:       DuplicateValue{parent:entry,element:id}
-->

<feed version="0.2" xmlns="http://purl.org/atom/ns#">
<entry>
<id>http://example.com/1</id>
</entry>
<entry>
<id>http://example.com/1</id>
</entry>
</feed>

<!--
$Log: entry_id_duplicate_value.xml,v $
Revision 1.4  2003/08/05 05:32:35  f8dy
0.2 snapshot - change version number and default namespace

Revision 1.3  2003/07/30 01:33:31  f8dy
tightened up test cases, added explicit parent checks, changed negative tests to positive

Revision 1.2  2003/07/20 17:44:27  rubys
Detect duplicate ids and guids

Revision 1.1  2003/07/19 21:15:08  f8dy
added tests and logging classes for duplicate guid/id values within a feed (thanks AaronSw for this idea)


-->
