<!--
  Id:           $Id: feed_namespace_missing_dc.xml,v 1.3 2003/08/05 05:32:35 f8dy Exp $
  Author:       Sam Ruby (http://intertwingly.net/) and Mark Pilgrim (http://diveintomark.org/)
  Version:      $Revision: 1.3 $
  Date:         $Date: 2003/08/05 05:32:35 $
  Copyright:    Copyright (c) 2003 Sam Ruby and Mark Pilgrim
  License:      Python
-->

<!--
  Description:  Dublin Core element is used, but Dublin Core namespace is never defined
  Expect:       MissingNamespace{element:dc:language}
-->

<feed version="0.2" xmlns="http://purl.org/atom/ns#">
<title>Example feed</title>
<subtitle>Taglines aren't what they used to be</subtitle>
<link>http://example.com/</link>
<dc:language>en-us</dc:language>
</feed>

<!--
$Log: feed_namespace_missing_dc.xml,v $
Revision 1.3  2003/08/05 05:32:35  f8dy
0.2 snapshot - change version number and default namespace

Revision 1.2  2003/07/30 01:33:32  f8dy
tightened up test cases, added explicit parent checks, changed negative tests to positive

Revision 1.1  2003/07/06 21:26:36  rubys
Commit the pie/echo/unnamed-project test cases


-->
