<!--
  Id:           $Id: duplicate_title.xml,v 1.2 2002/10/18 13:23:31 f8dy Exp $
  Author:       Sam Ruby (http://intertwingly.net/) and Mark Pilgrim (http://diveintomark.org/)
  Version:      $Revision: 1.2 $
  Date:         $Date: 2002/10/18 13:23:31 $
  Copyright:    Copyright (c) 2002 Sam Ruby and Mark Pilgrim
  License:      Python
-->

<!--
  Description:  channel must not include more than one title
  Expect:       DuplicateElement
-->

<rss version="2.0">
<channel>
<title>Duplicate element</title>
<link>http://purl.org/rss/2.0/</link>
<description>channel must not include more than one title</description>
<title>Duplicate element #2</title>
</channel>
</rss>

<!--
$Log: duplicate_title.xml,v $
Revision 1.2  2002/10/18 13:23:31  f8dy
added licensing information

-->
