<!--
  Id:           $Id: reserved_prefix.xml,v 1.4 2002/10/18 13:23:31 f8dy Exp $
  Author:       Sam Ruby (http://intertwingly.net/) and Mark Pilgrim (http://diveintomark.org/)
  Version:      $Revision: 1.4 $
  Date:         $Date: 2002/10/18 13:23:31 $
  Copyright:    Copyright (c) 2002 Sam Ruby and Mark Pilgrim
  License:      Python
-->

<!--
  Description:  "dc" is reserved for Dublin Core
  Expect:       ReservedPrefix
-->

<rss version="2.0" xmlns:dc="http://example.com/rss/marks_made_up_namespace/">
<channel>
<title>Made up namespace with reserved prefix</title>
<link>http://purl.org/rss/2.0/</link>
<description>"dc" is reserved for Dublin Core</description>
<dc:foo>bar</dc:foo>
</channel>
</rss>

<!--
$Log: reserved_prefix.xml,v $
Revision 1.4  2002/10/18 13:23:31  f8dy
added licensing information

-->
