<!--
  Id:           $Id: invalid_dcdate.xml,v 1.1 2003/07/06 21:20:02 rubys Exp $
  Author:       Sam Ruby (http://intertwingly.net/) and Mark Pilgrim (http://diveintomark.org/)
  Version:      $Revision: 1.1 $
  Date:         $Date: 2003/07/06 21:20:02 $
  Copyright:    Copyright (c) 2002 Sam Ruby and Mark Pilgrim
  License:      Python
-->

<!--
  Description:  dc:date be W3DTF date format
  Expect:       InvalidW3DTFDate
-->

<rss version="2.0" xmlns:dc="http://purl.org/dc/elements/1.1/">
<channel>
<title>Invalid date format</title>
<link>http://purl.org/rss/2.0/</link>
<description>dc:date be W3DTF date format</description>
<dc:date>Mon, 31 Dec 2002 14:20:20 GMT</dc:date>
</channel>
</rss>

<!--
$Log: invalid_dcdate.xml,v $
Revision 1.1  2003/07/06 21:20:02  rubys
Refactor so test cases are organized by protocol

Revision 1.2  2002/10/18 13:23:30  f8dy
added licensing information

-->
