<!--
  Id:           $Id: invalid_item_no_title_or_description.xml,v 1.1 2003/07/06 21:20:03 rubys Exp $
  Author:       Sam Ruby (http://intertwingly.net/) and Mark Pilgrim (http://diveintomark.org/)
  Version:      $Revision: 1.1 $
  Date:         $Date: 2003/07/06 21:20:03 $
  Copyright:    Copyright (c) 2002 Sam Ruby and Mark Pilgrim
  License:      Python
-->

<!--
  Description:  item must contain either title or description
  Expect:       ItemMustContainTitleOrDescription
-->

<rss version="2.0">
<channel>
<title>Invalid item</title>
<link>http://purl.org/rss/2.0/</link>
<description>invalid item (no title or description)</description>
<item>
<link>http://purl.org/rss/2.0/?item</link>
</item>
</channel>
</rss>

<!--
$Log: invalid_item_no_title_or_description.xml,v $
Revision 1.1  2003/07/06 21:20:03  rubys
Refactor so test cases are organized by protocol

Revision 1.2  2002/10/18 13:23:30  f8dy
added licensing information

-->
