<!--
  Id:           $Id: item_enclosure_url.xml,v 1.1 2003/07/06 21:20:03 rubys Exp $
  Author:       Sam Ruby (http://intertwingly.net/) and Mark Pilgrim (http://diveintomark.org/)
  Version:      $Revision: 1.1 $
  Date:         $Date: 2003/07/06 21:20:03 $
  Copyright:    Copyright (c) 2002 Sam Ruby and Mark Pilgrim
  License:      Python
-->

<!--
  Description:  item enclosure valid URL
  Expect:       !InvalidURLAttribute
-->

<rss version="2.0">
<channel>
<title>Invalid author</title>
<link>http://purl.org/rss/2.0/</link>
<description>item author must include email address</description>
<item>
<title>Invalid author item</title>
<link>http://purl/org/rss/2.0/?item</link>
<description>Foo</description>
<enclosure url="http://example.com/" length="1" type="audio/mpeg"/>
</item>
</channel>
</rss>

<!--
$Log: item_enclosure_url.xml,v $
Revision 1.1  2003/07/06 21:20:03  rubys
Refactor so test cases are organized by protocol

Revision 1.2  2002/10/18 13:23:30  f8dy
added licensing information

-->
