<!--
  Id:           $Id: link_contains_comma.xml,v 1.1 2003/07/06 21:20:03 rubys Exp $
  Author:       Sam Ruby (http://intertwingly.net/) and Mark Pilgrim (http://diveintomark.org/)
  Version:      $Revision: 1.1 $
  Date:         $Date: 2003/07/06 21:20:03 $
  Copyright:    Copyright (c) 2002 Sam Ruby and Mark Pilgrim
  License:      Python
-->

<!--
  Description:  valid link contains comma
  Expect:       !InvalidLink
-->

<rss version="2.0">
<channel>
<title>Valid link</title>
<link>http://www.wired.com/news/school/0,1383,54916,00.html</link>
<description>valid channel link (contains comma)</description>
</channel>
</rss>

<!--
$Log: link_contains_comma.xml,v $
Revision 1.1  2003/07/06 21:20:03  rubys
Refactor so test cases are organized by protocol

Revision 1.1  2002/10/22 13:07:02  f8dy
added test case for links containing commas

-->
