<!--
  Id:           $Id: missing_namespace.xml,v 1.1 2003/07/06 21:20:03 rubys Exp $
  Author:       Sam Ruby (http://intertwingly.net/) and Mark Pilgrim (http://diveintomark.org/)
  Version:      $Revision: 1.1 $
  Date:         $Date: 2003/07/06 21:20:03 $
  Copyright:    Copyright (c) 2002 Sam Ruby and Mark Pilgrim
  License:      Python
-->

<!--
  Description:  Dublin Core element is used, but Dublin Core namespace is never defined
  Expect:       MissingNamespace
-->

<rss version="2.0">
<channel>
<title>Missing namespace declaration</title>
<link>http://purl.org/rss/2.0/</link>
<description>Dublin Core element is used, but Dublin Core namespace is never defined</description>
<dc:language>en-us</dc:language>
</channel>
</rss>

<!--
$Log: missing_namespace.xml,v $
Revision 1.1  2003/07/06 21:20:03  rubys
Refactor so test cases are organized by protocol

Revision 1.3  2002/10/18 13:23:30  f8dy
added licensing information

-->
