<!--
  Id:           $Id: multiple_item_pubDate.xml,v 1.1 2003/07/06 21:20:03 rubys Exp $
  Author:       Sam Ruby (http://intertwingly.net/) and Mark Pilgrim (http://diveintomark.org/)
  Version:      $Revision: 1.1 $
  Date:         $Date: 2003/07/06 21:20:03 $
  Copyright:    Copyright (c) 2002 Sam Ruby and Mark Pilgrim
  License:      Python
-->

<!--
  Description:  can only have one item pubDate
  Expect:       DuplicateElement{parent:item,element:pubDate}
-->

<rss version="2.0">
<channel>
<title>RSS</title>
<link>http://example.com/</link>
<description>various duplicate item elements that can't be duplicated</description>
<item>
<pubDate>Mon, 31 Dec 2002 14:20:20 GMT</pubDate>
<pubDate>Mon, 31 Dec 2002 14:20:20 GMT</pubDate>
</item>
</channel>
</rss>

<!--
$Log: multiple_item_pubDate.xml,v $
Revision 1.1  2003/07/06 21:20:03  rubys
Refactor so test cases are organized by protocol

Revision 1.1  2002/10/18 15:41:34  f8dy
added (and passed) testcases for unallowed duplicates of the same element

-->
