<!--
  Id:           $Id: multiple_item_content_encoded.xml,v 1.1 2003/07/06 21:20:03 rubys Exp $
  Author:       Sam Ruby (http://intertwingly.net/) and Mark Pilgrim (http://diveintomark.org/)
  Version:      $Revision: 1.1 $
  Date:         $Date: 2003/07/06 21:20:03 $
  Copyright:    Copyright (c) 2002 Sam Ruby and Mark Pilgrim
  License:      Python
-->

<!--
  Description:  can only have one item content:encoded
  Expect:       DuplicateElement{parent:item,element:content:encoded}
-->

<rss version="2.0" xmlns:content="http://purl.org/rss/1.0/modules/content/">
<channel>
<title>RSS</title>
<link>http://example.com/</link>
<description>various duplicate item elements that can't be duplicated</description>
<item>
<content:encoded>&lt;b&gt;Hello world&lt;/b&gt;</content:encoded>
<content:encoded>&lt;b&gt;Hello world&lt;/b&gt;</content:encoded>
</item>
</channel>
</rss>

<!--
$Log: multiple_item_content_encoded.xml,v $
Revision 1.1  2003/07/06 21:20:03  rubys
Refactor so test cases are organized by protocol

Revision 1.1  2002/10/18 15:46:36  f8dy
added (and passed) rule for no multiple content:encoded

-->
