<!--
  Id:           $Id: multiple_item_dccreator.xml,v 1.1 2003/07/06 21:20:03 rubys Exp $
  Author:       Sam Ruby (http://intertwingly.net/) and Mark Pilgrim (http://diveintomark.org/)
  Version:      $Revision: 1.1 $
  Date:         $Date: 2003/07/06 21:20:03 $
  Copyright:    Copyright (c) 2002 Sam Ruby and Mark Pilgrim
  License:      Python
-->

<!--
  Description:  can have multiple item dc:creator
  Expect:       !DuplicateElement{parent:item,element:dc:creator}
-->

<rss version="2.0" xmlns:dc="http://purl.org/dc/elements/1.1/">
<channel>
<item>
<dc:creator>Me (me@example.com)</dc:creator>
<dc:creator>You (you@example.com)</dc:creator>
</item>
</channel>
</rss>

<!--
$Log: multiple_item_dccreator.xml,v $
Revision 1.1  2003/07/06 21:20:03  rubys
Refactor so test cases are organized by protocol

Revision 1.2  2002/10/24 14:48:04  f8dy
allow multiple

Revision 1.1  2002/10/18 18:48:08  f8dy
added test cases for dublin core

-->
