<!--
  Id:           $Id: nodupl_undefined.xml,v 1.1 2003/07/06 21:20:03 rubys Exp $
  Author:       Sam Ruby (http://intertwingly.net/) and Mark Pilgrim (http://diveintomark.org/)
  Version:      $Revision: 1.1 $
  Date:         $Date: 2003/07/06 21:20:03 $
  Copyright:    Copyright (c) 2002 Sam Ruby and Mark Pilgrim
  License:      Python
-->

<!--
  Description:  noDuplicates shouldn't cause next element to be undefined
  Expect:       !UndefinedElement{element:language}
-->

<rss version="0.91"> 
<channel> 
<title>Not Exactly</title> 
<link>http://www.physics.utoronto.ca/~kaveh/r/</link> 
<description>This is <i>not exactly</i> the weblog (online journal) of Kaveh Khodjasteh.</description> 
<language>en-us</language> 
</channel>
</rss>

<!--
$Log: nodupl_undefined.xml,v $
Revision 1.1  2003/07/06 21:20:03  rubys
Refactor so test cases are organized by protocol

Revision 1.1  2002/11/03 23:33:44  rubys
Noduplicates validator was causing the handler stack to get
momentarily out of synch

-->
