<!--
  Id:           $Id: dclanguage.xml,v 1.2 2003/07/29 16:44:56 f8dy Exp $
  Author:       Sam Ruby (http://intertwingly.net/) and Mark Pilgrim (http://diveintomark.org/)
  Version:      $Revision: 1.2 $
  Date:         $Date: 2003/07/29 16:44:56 $
  Copyright:    Copyright (c) 2002 Sam Ruby and Mark Pilgrim
  License:      Python
-->

<!--
  Description:  valid dc:language
  Expect:       ValidLanguage{parent:channel,element:dc:language}
-->

<rss version="2.0" xmlns:dc="http://purl.org/dc/elements/1.1/">
<channel>
<title>Validity test</title>
<link>http://purl.org/rss/2.0/</link>
<description>valid language</description>
<dc:language>en</dc:language>
</channel>
</rss>

<!--
$Log: dclanguage.xml,v $
Revision 1.2  2003/07/29 16:44:56  f8dy
changed test cases to explicitly test for success (rather than the absence of failure)

Revision 1.1  2003/07/06 21:20:02  rubys
Refactor so test cases are organized by protocol

Revision 1.1  2002/10/18 14:18:33  f8dy
added tests for ISO-639 language codes

-->
