<!--
  Id:           $Id: guid_value_isPermalink_true2.xml,v 1.1 2003/07/06 21:20:02 rubys Exp $
  Author:       Sam Ruby (http://intertwingly.net/) and Mark Pilgrim (http://diveintomark.org/)
  Version:      $Revision: 1.1 $
  Date:         $Date: 2003/07/06 21:20:02 $
  Copyright:    Copyright (c) 2002 Sam Ruby and Mark Pilgrim
  License:      Python
-->

<!--
  Description:  don't give duplicate errors on invalid GUIDs
  Expect:       !InvalidLink
-->

<rss version="2.0">
<channel>
<title>InvalidHttpGUID should be sufficient</title>
<link>http://purl.org/rss/2.0/</link>
<description>foo</description>
<item>
<guid isPermaLink="true">foo</guid>
</item>
</channel>
</rss>

<!--
$Log: guid_value_isPermalink_true2.xml,v $
Revision 1.1  2003/07/06 21:20:02  rubys
Refactor so test cases are organized by protocol

Revision 1.2  2002/10/18 13:23:30  f8dy
added licensing information

-->
