<!--
  Id:           $Id: invalid_guid_blank.xml,v 1.2 2003/07/29 19:38:07 f8dy Exp $
  Author:       Sam Ruby (http://intertwingly.net/) and Mark Pilgrim (http://diveintomark.org/)
  Version:      $Revision: 1.2 $
  Date:         $Date: 2003/07/29 19:38:07 $
  Copyright:    Copyright (c) 2002 Sam Ruby and Mark Pilgrim
  License:      Python
-->

<!--
  Description:  guid must not be blank
  Expect:       InvalidHttpGUID{parent:item,element:guid}
-->

<rss version="2.0">
<channel>
<title>Invalid GUID</title>
<link>http://purl.org/rss/2.0/</link>
<description>foo</description>
<item>
<guid></guid>
</item>
</channel>
</rss>

<!--
$Log: invalid_guid_blank.xml,v $
Revision 1.2  2003/07/29 19:38:07  f8dy
changed test cases to explicitly test for success (rather than the absence of failure)

Revision 1.1  2003/07/06 21:20:03  rubys
Refactor so test cases are organized by protocol

Revision 1.2  2002/10/18 13:23:30  f8dy
added licensing information

-->
