<!--
  Id:           $Id: invalid_title2.xml,v 1.2 2003/07/29 20:57:39 f8dy Exp $
  Author:       Sam Ruby (http://intertwingly.net/) and Mark Pilgrim (http://diveintomark.org/)
  Version:      $Revision: 1.2 $
  Date:         $Date: 2003/07/29 20:57:39 $
  Copyright:    Copyright (c) 2002 Sam Ruby and Mark Pilgrim
  License:      Python
-->

<!--
  Description:  channel title must not include HTML (even in CDATA)
  Expect:       ContainsHTML{parent:channel,element:title}
-->

<rss version="2.0">
<channel>
<title><![CDATA[<b>;Invalid title</b>]]></title>
<link>http://purl.org/rss/2.0/</link>
<description>channel title must not include HTML (even in CDATA)</description>
</channel>
</rss>

<!--
$Log: invalid_title2.xml,v $
Revision 1.2  2003/07/29 20:57:39  f8dy
tightened up test cases, check for parent element, explicitly test for success

Revision 1.1  2003/07/06 21:20:03  rubys
Refactor so test cases are organized by protocol

Revision 1.3  2002/10/18 13:23:30  f8dy
added licensing information

-->
