<!--
  Id:           $Id: missing_rss2.xml,v 1.1 2003/07/06 21:20:03 rubys Exp $
  Author:       Sam Ruby (http://intertwingly.net/) and Mark Pilgrim (http://diveintomark.org/)
  Version:      $Revision: 1.1 $
  Date:         $Date: 2003/07/06 21:20:03 $
  Copyright:    Copyright (c) 2002 Sam Ruby and Mark Pilgrim
  License:      Python
-->

<!--
  Description:  not an RSS document
  Expect:       UndefinedElement{parent:root}
-->

<!DOCTYPE html PUBLIC "-//W3C//DTD XHTML 1.0 Strict//EN" "http://www.w3.org/TR/xhtml1/DTD/xhtml1-strict.dtd">
<html xmlns="http://www.w3.org/1999/xhtml" lang="en" xml:lang="en">
<head>
<title>dive into mark</title>
<meta http-equiv="Content-Type" content="text/html; charset=iso-8859-1" />
<link rel="alternate" type="application/rss+xml" title="RSS" href="http://example.com/xml/rss.xml" />
<link rel="stylesheet" href="/css/common.css" type="text/css" />
<style type="text/css" media="screen">@import "/css/box.css";</style>
<link rel="stylesheet" href="/css/print.css" type="text/css" media="print" />
<link rel="home" href="/" title="Home" />

</head>
<body>

<div id="logo">
<h1><span id="logoleft"><a href="/" accesskey="1">dive in</a></span><span class="divider">&nbsp;</span><span id="logoright"><a href="/">to mark</a></span></h1>
<span class="divider">&nbsp;</span>
<a class="skip" href="#startnavigation">Jump to navigation</a>
</div>
</body>
</html>

